bank,slice,slice_type,n_obs,n_violations,stated_rate,actual_rate,lr_pof,p_value,ci_lower_violations,ci_upper_violations,outside_interval,reject_1pct,reject_5pct,reject_10pct
JPM,full_sample,full,1509,96,0.049999999999999996,0.0636182902584493,5.444580128515327,0.01962913250737295,60,92,True,False,True,True
JPM,2019,year,251,3,0.05,0.01195219123505976,10.890824043233337,0.0009664182386925363,7,19,True,True,True,True
JPM,2020,year,253,17,0.049999999999999996,0.06719367588932806,1.4281166256336064,0.23207205222904853,7,19,False,False,False,False
JPM,2021,year,252,14,0.049999999999999996,0.05555555555555555,0.15829757907766862,0.6907287550167174,7,19,False,False,False,False
JPM,2022,year,251,16,0.05,0.06374501992031872,0.9219364311487084,0.3369670418603712,7,19,False,False,False,False
JPM,2023,year,250,12,0.05,0.048,0.021324025180589956,0.8838996943305307,7,19,False,False,False,False
JPM,2024,year,252,34,0.049999999999999996,0.1349206349206349,26.673773898827932,2.408687564948755e-07,7,19,True,True,True,True
JPM,high,vix_regime,313,35,0.049999999999999996,0.11182108626198083,18.92883706637477,1.3568607518109654e-05,9,23,True,True,True,True
JPM,low,vix_regime,390,13,0.05,0.03333333333333333,2.571281193937125,0.10881956676399095,12,28,False,False,False,False
JPM,medium,vix_regime,806,48,0.049999999999999996,0.05955334987593052,1.463249313018025,0.22641382790714293,29,52,False,False,False,False
GS,full_sample,full,1509,95,0.049999999999999996,0.06295559973492379,4.945107125019263,0.02616461734268526,60,92,True,False,True,True
GS,2019,year,251,6,0.05,0.02390438247011952,4.4227628860450565,0.03546257138952877,7,19,True,False,True,True
GS,2020,year,253,23,0.049999999999999996,0.09090909090909091,7.252734743042367,0.0070793117003193065,7,19,True,True,True,True
GS,2021,year,252,17,0.049999999999999996,0.06746031746031746,1.464930902893201,0.22614718921700985,7,19,False,False,False,False
GS,2022,year,251,11,0.05,0.043824701195219126,0.2098950857765658,0.6468496471131213,7,19,False,False,False,False
GS,2023,year,250,8,0.05,0.032,1.9441360560286967,0.16322015045707433,7,19,False,False,False,False
GS,2024,year,252,30,0.049999999999999996,0.11904761904761904,18.546499466575995,1.6580945137841326e-05,7,19,True,True,True,True
GS,high,vix_regime,313,35,0.049999999999999996,0.11182108626198083,18.92883706637477,1.3568607518109654e-05,9,23,True,True,True,True
GS,low,vix_regime,390,13,0.05,0.03333333333333333,2.571281193937125,0.10881956676399095,12,28,False,False,False,False
GS,medium,vix_regime,806,47,0.049999999999999996,0.05831265508684864,1.1156343210037676,0.29086044333887673,29,52,False,False,False,False
MS,full_sample,full,1509,116,0.049999999999999996,0.07687210072895957,19.84582635408924,8.394581625840317e-06,60,92,True,True,True,True
MS,2019,year,251,0,0.05,0.0,25.74923378255039,3.887813348760835e-07,7,19,True,True,True,True
MS,2020,year,253,12,0.049999999999999996,0.04743083003952569,0.03574270137768565,0.8500478273540542,7,19,False,False,False,False
MS,2021,year,252,20,0.049999999999999996,0.07936507936507936,3.912550827553247,0.04792680100008668,7,19,True,False,True,True
MS,2022,year,251,37,0.05,0.14741035856573706,33.70600276173653,6.410257460517609e-09,7,19,True,True,True,True
MS,2023,year,250,16,0.05,0.064,0.9513566950553951,0.3293742025407061,7,19,False,False,False,False
MS,2024,year,252,31,0.049999999999999996,0.12301587301587301,20.469897722813272,6.05765007019829e-06,7,19,True,True,True,True
MS,high,vix_regime,313,42,0.049999999999999996,0.134185303514377,32.63192811105267,1.113701311121694e-08,9,23,True,True,True,True
MS,low,vix_regime,390,15,0.05,0.038461538461538464,1.1835079916772457,0.27664299358448985,12,28,False,False,False,False
MS,medium,vix_regime,806,59,0.049999999999999996,0.07320099255583126,8.040402142990786,0.004574538027978161,29,52,True,True,True,True
BAC,full_sample,full,1509,23,0.01,0.015241882041086813,3.609205608769173,0.05746056060552359,9,23,False,False,False,True
BAC,2019,year,251,12,0.009999999999999998,0.04780876494023904,18.938106975706518,1.3502838759720523e-05,1,6,True,True,True,True
BAC,2020,year,253,1,0.01,0.003952569169960474,1.2128884517730327,0.2707608249757419,1,6,False,False,False,False
BAC,2021,year,252,3,0.01,0.011904761904761904,0.087044436647993,0.7679687153509263,1,6,False,False,False,False
BAC,2022,year,251,2,0.009999999999999998,0.00796812749003984,0.11250371650475444,0.7373114985717496,1,6,False,False,False,False
BAC,2023,year,250,2,0.01,0.008,0.10843521623679919,0.7419327009526281,1,6,False,False,False,False
BAC,2024,year,252,3,0.01,0.011904761904761904,0.087044436647993,0.7679687153509263,1,6,False,False,False,False
BAC,high,vix_regime,313,5,0.01,0.01597444089456869,0.9553569035647627,0.32835948159381173,1,7,False,False,False,False
BAC,low,vix_regime,390,4,0.009999999999999998,0.010256410256410256,0.0025683661365860644,0.9595812706536625,1,8,False,False,False,False
BAC,medium,vix_regime,806,14,0.009999999999999998,0.017369727047146403,3.6243541422057604,0.05693966859516872,4,14,False,False,False,True
C,full_sample,full,1509,22,0.01,0.0145791915175613,2.8004591706885265,0.09423731544960338,9,23,False,False,False,True
C,2019,year,251,5,0.009999999999999998,0.0199203187250996,1.9365864587116448,0.1640396508984328,1,6,False,False,False,False
C,2020,year,253,14,0.01,0.05533596837944664,25.496927502004326,4.430879737492333e-07,1,6,True,True,True,True
C,2021,year,252,0,0.01,0.0,5.065369270164731,0.024408504664068412,1,6,True,False,True,True
C,2022,year,251,1,0.009999999999999998,0.00398406374501992,1.1885917856946175,0.27561379392120644,1,6,False,False,False,False
C,2023,year,250,0,0.01,0.0,5.025167926750726,0.02498150305344973,1,6,True,False,True,True
C,2024,year,252,2,0.01,0.007936507936507936,0.1166362183087557,0.7327118118255171,1,6,False,False,False,False
C,high,vix_regime,313,14,0.01,0.04472843450479233,20.590530886782204,5.6876742312693616e-06,1,7,True,True,True,True
C,low,vix_regime,390,0,0.009999999999999998,0.0,7.839261965731131,0.005112347478732582,1,8,True,True,True,True
C,medium,vix_regime,806,8,0.009999999999999998,0.009925558312655087,0.00045227408516268497,0.9830328781912161,4,14,False,False,False,False
